,features
816,/z/lancelcy/R21/mfbs/1619.npy
817,/z/lancelcy/R21/mfbs/1622.npy
818,/z/lancelcy/R21/mfbs/1623.npy
819,/z/lancelcy/R21/mfbs/1624.npy
820,/z/lancelcy/R21/mfbs/1625.npy
821,/z/lancelcy/R21/mfbs/1626.npy
822,/z/lancelcy/R21/mfbs/1627.npy
823,/z/lancelcy/R21/mfbs/1632.npy
824,/z/lancelcy/R21/mfbs/1633.npy
825,/z/lancelcy/R21/mfbs/1634.npy
826,/z/lancelcy/R21/mfbs/1635.npy
827,/z/lancelcy/R21/mfbs/1636.npy
828,/z/lancelcy/R21/mfbs/1637.npy
829,/z/lancelcy/R21/mfbs/1638.npy
830,/z/lancelcy/R21/mfbs/1639.npy
831,/z/lancelcy/R21/mfbs/1641.npy
832,/z/lancelcy/R21/mfbs/1642.npy
833,/z/lancelcy/R21/mfbs/1643.npy
834,/z/lancelcy/R21/mfbs/1644.npy
835,/z/lancelcy/R21/mfbs/1645.npy
836,/z/lancelcy/R21/mfbs/1647.npy
837,/z/lancelcy/R21/mfbs/1648.npy
838,/z/lancelcy/R21/mfbs/1649.npy
839,/z/lancelcy/R21/mfbs/1650.npy
840,/z/lancelcy/R21/mfbs/1651.npy
841,/z/lancelcy/R21/mfbs/1654.npy
842,/z/lancelcy/R21/mfbs/1655.npy
843,/z/lancelcy/R21/mfbs/1657.npy
844,/z/lancelcy/R21/mfbs/1658.npy
845,/z/lancelcy/R21/mfbs/1659.npy
846,/z/lancelcy/R21/mfbs/1662.npy
847,/z/lancelcy/R21/mfbs/1665.npy
848,/z/lancelcy/R21/mfbs/1668.npy
849,/z/lancelcy/R21/mfbs/1669.npy
850,/z/lancelcy/R21/mfbs/1670.npy
851,/z/lancelcy/R21/mfbs/1671.npy
852,/z/lancelcy/R21/mfbs/1672.npy
853,/z/lancelcy/R21/mfbs/1673.npy
854,/z/lancelcy/R21/mfbs/1675.npy
855,/z/lancelcy/R21/mfbs/1676.npy
856,/z/lancelcy/R21/mfbs/1677.npy
857,/z/lancelcy/R21/mfbs/1679.npy
858,/z/lancelcy/R21/mfbs/1680.npy
859,/z/lancelcy/R21/mfbs/1681.npy
860,/z/lancelcy/R21/mfbs/1682.npy
861,/z/lancelcy/R21/mfbs/1683.npy
862,/z/lancelcy/R21/mfbs/1684.npy
863,/z/lancelcy/R21/mfbs/1686.npy
864,/z/lancelcy/R21/mfbs/1688.npy
865,/z/lancelcy/R21/mfbs/1691.npy
866,/z/lancelcy/R21/mfbs/1692.npy
867,/z/lancelcy/R21/mfbs/1693.npy
868,/z/lancelcy/R21/mfbs/1694.npy
869,/z/lancelcy/R21/mfbs/1695.npy
870,/z/lancelcy/R21/mfbs/1696.npy
871,/z/lancelcy/R21/mfbs/1697.npy
872,/z/lancelcy/R21/mfbs/1698.npy
873,/z/lancelcy/R21/mfbs/1699.npy
874,/z/lancelcy/R21/mfbs/1700.npy
875,/z/lancelcy/R21/mfbs/1703.npy
876,/z/lancelcy/R21/mfbs/1704.npy
877,/z/lancelcy/R21/mfbs/1706.npy
878,/z/lancelcy/R21/mfbs/1707.npy
879,/z/lancelcy/R21/mfbs/1709.npy
880,/z/lancelcy/R21/mfbs/1710.npy
881,/z/lancelcy/R21/mfbs/1712.npy
882,/z/lancelcy/R21/mfbs/1713.npy
883,/z/lancelcy/R21/mfbs/1715.npy
884,/z/lancelcy/R21/mfbs/1716.npy
885,/z/lancelcy/R21/mfbs/1717.npy
886,/z/lancelcy/R21/mfbs/1718.npy
887,/z/lancelcy/R21/mfbs/1721.npy
888,/z/lancelcy/R21/mfbs/1722.npy
889,/z/lancelcy/R21/mfbs/1724.npy
890,/z/lancelcy/R21/mfbs/1725.npy
891,/z/lancelcy/R21/mfbs/1726.npy
892,/z/lancelcy/R21/mfbs/1732.npy
893,/z/lancelcy/R21/mfbs/1734.npy
894,/z/lancelcy/R21/mfbs/1735.npy
895,/z/lancelcy/R21/mfbs/1738.npy
896,/z/lancelcy/R21/mfbs/1743.npy
897,/z/lancelcy/R21/mfbs/1747.npy
898,/z/lancelcy/R21/mfbs/1749.npy
899,/z/lancelcy/R21/mfbs/1750.npy
900,/z/lancelcy/R21/mfbs/1751.npy
901,/z/lancelcy/R21/mfbs/1752.npy
902,/z/lancelcy/R21/mfbs/1753.npy
903,/z/lancelcy/R21/mfbs/1754.npy
904,/z/lancelcy/R21/mfbs/1755.npy
905,/z/lancelcy/R21/mfbs/1756.npy
906,/z/lancelcy/R21/mfbs/1757.npy
907,/z/lancelcy/R21/mfbs/1758.npy
908,/z/lancelcy/R21/mfbs/1759.npy
909,/z/lancelcy/R21/mfbs/1760.npy
910,/z/lancelcy/R21/mfbs/1762.npy
911,/z/lancelcy/R21/mfbs/1769.npy
912,/z/lancelcy/R21/mfbs/1773.npy
913,/z/lancelcy/R21/mfbs/1779.npy
914,/z/lancelcy/R21/mfbs/1780.npy
915,/z/lancelcy/R21/mfbs/1781.npy
916,/z/lancelcy/R21/mfbs/1784.npy
917,/z/lancelcy/R21/mfbs/1785.npy
918,/z/lancelcy/R21/mfbs/1786.npy
919,/z/lancelcy/R21/mfbs/1787.npy
920,/z/lancelcy/R21/mfbs/1788.npy
921,/z/lancelcy/R21/mfbs/1789.npy
922,/z/lancelcy/R21/mfbs/1790.npy
923,/z/lancelcy/R21/mfbs/1792.npy
924,/z/lancelcy/R21/mfbs/1793.npy
925,/z/lancelcy/R21/mfbs/1795.npy
926,/z/lancelcy/R21/mfbs/1799.npy
927,/z/lancelcy/R21/mfbs/1801.npy
928,/z/lancelcy/R21/mfbs/1802.npy
929,/z/lancelcy/R21/mfbs/1804.npy
930,/z/lancelcy/R21/mfbs/1805.npy
931,/z/lancelcy/R21/mfbs/1807.npy
932,/z/lancelcy/R21/mfbs/1809.npy
1123,/z/lancelcy/R21/mfbs/2076.npy
1124,/z/lancelcy/R21/mfbs/2079.npy
1125,/z/lancelcy/R21/mfbs/2080.npy
1126,/z/lancelcy/R21/mfbs/2085.npy
1127,/z/lancelcy/R21/mfbs/2087.npy
1128,/z/lancelcy/R21/mfbs/2089.npy
1129,/z/lancelcy/R21/mfbs/2093.npy
1130,/z/lancelcy/R21/mfbs/2097.npy
1131,/z/lancelcy/R21/mfbs/2098.npy
1132,/z/lancelcy/R21/mfbs/2099.npy
1133,/z/lancelcy/R21/mfbs/2106.npy
1134,/z/lancelcy/R21/mfbs/2114.npy
1135,/z/lancelcy/R21/mfbs/2119.npy
1136,/z/lancelcy/R21/mfbs/2122.npy
1137,/z/lancelcy/R21/mfbs/2123.npy
1138,/z/lancelcy/R21/mfbs/2125.npy
1139,/z/lancelcy/R21/mfbs/2126.npy
1140,/z/lancelcy/R21/mfbs/2177.npy
1141,/z/lancelcy/R21/mfbs/2179.npy
1142,/z/lancelcy/R21/mfbs/2181.npy
1143,/z/lancelcy/R21/mfbs/2182.npy
1144,/z/lancelcy/R21/mfbs/2186.npy
1145,/z/lancelcy/R21/mfbs/2187.npy
1146,/z/lancelcy/R21/mfbs/2188.npy
1147,/z/lancelcy/R21/mfbs/2190.npy
1148,/z/lancelcy/R21/mfbs/2195.npy
1149,/z/lancelcy/R21/mfbs/2196.npy
1150,/z/lancelcy/R21/mfbs/2199.npy
1151,/z/lancelcy/R21/mfbs/2200.npy
1152,/z/lancelcy/R21/mfbs/2202.npy
1153,/z/lancelcy/R21/mfbs/2203.npy
1154,/z/lancelcy/R21/mfbs/2204.npy
1155,/z/lancelcy/R21/mfbs/2206.npy
1156,/z/lancelcy/R21/mfbs/2208.npy
1157,/z/lancelcy/R21/mfbs/2210.npy
1158,/z/lancelcy/R21/mfbs/2216.npy
1159,/z/lancelcy/R21/mfbs/2217.npy
1160,/z/lancelcy/R21/mfbs/2223.npy
1161,/z/lancelcy/R21/mfbs/2225.npy
1162,/z/lancelcy/R21/mfbs/2233.npy
1163,/z/lancelcy/R21/mfbs/2239.npy
1164,/z/lancelcy/R21/mfbs/2242.npy
1165,/z/lancelcy/R21/mfbs/2248.npy
1166,/z/lancelcy/R21/mfbs/2249.npy
1167,/z/lancelcy/R21/mfbs/2253.npy
1168,/z/lancelcy/R21/mfbs/2254.npy
1169,/z/lancelcy/R21/mfbs/2259.npy
1170,/z/lancelcy/R21/mfbs/2265.npy
1171,/z/lancelcy/R21/mfbs/2270.npy
1172,/z/lancelcy/R21/mfbs/2273.npy
1173,/z/lancelcy/R21/mfbs/2282.npy
1174,/z/lancelcy/R21/mfbs/2283.npy
1175,/z/lancelcy/R21/mfbs/2284.npy
1176,/z/lancelcy/R21/mfbs/2285.npy
1177,/z/lancelcy/R21/mfbs/2286.npy
1178,/z/lancelcy/R21/mfbs/2287.npy
1179,/z/lancelcy/R21/mfbs/2289.npy
1180,/z/lancelcy/R21/mfbs/2290.npy
1181,/z/lancelcy/R21/mfbs/2291.npy
1182,/z/lancelcy/R21/mfbs/2292.npy
1183,/z/lancelcy/R21/mfbs/2293.npy
1184,/z/lancelcy/R21/mfbs/2294.npy
1185,/z/lancelcy/R21/mfbs/2295.npy
1186,/z/lancelcy/R21/mfbs/2296.npy
1187,/z/lancelcy/R21/mfbs/2298.npy
1188,/z/lancelcy/R21/mfbs/2299.npy
1189,/z/lancelcy/R21/mfbs/2300.npy
1190,/z/lancelcy/R21/mfbs/2301.npy
1191,/z/lancelcy/R21/mfbs/2302.npy
1192,/z/lancelcy/R21/mfbs/2303.npy
1193,/z/lancelcy/R21/mfbs/2311.npy
1194,/z/lancelcy/R21/mfbs/2312.npy
1195,/z/lancelcy/R21/mfbs/2313.npy
1196,/z/lancelcy/R21/mfbs/2314.npy
1197,/z/lancelcy/R21/mfbs/2315.npy
1198,/z/lancelcy/R21/mfbs/2316.npy
1199,/z/lancelcy/R21/mfbs/2317.npy
1200,/z/lancelcy/R21/mfbs/2318.npy
1201,/z/lancelcy/R21/mfbs/2323.npy
1202,/z/lancelcy/R21/mfbs/2325.npy
1203,/z/lancelcy/R21/mfbs/2326.npy
1204,/z/lancelcy/R21/mfbs/2327.npy
1205,/z/lancelcy/R21/mfbs/2328.npy
1206,/z/lancelcy/R21/mfbs/2329.npy
1207,/z/lancelcy/R21/mfbs/2330.npy
1208,/z/lancelcy/R21/mfbs/2331.npy
1209,/z/lancelcy/R21/mfbs/2332.npy
1210,/z/lancelcy/R21/mfbs/2333.npy
1211,/z/lancelcy/R21/mfbs/2335.npy
1212,/z/lancelcy/R21/mfbs/2336.npy
1213,/z/lancelcy/R21/mfbs/2337.npy
1214,/z/lancelcy/R21/mfbs/2338.npy
1215,/z/lancelcy/R21/mfbs/2339.npy
1216,/z/lancelcy/R21/mfbs/2352.npy
1217,/z/lancelcy/R21/mfbs/2353.npy
1218,/z/lancelcy/R21/mfbs/2354.npy
1219,/z/lancelcy/R21/mfbs/2355.npy
1220,/z/lancelcy/R21/mfbs/2357.npy
1221,/z/lancelcy/R21/mfbs/2358.npy
1222,/z/lancelcy/R21/mfbs/2360.npy
1223,/z/lancelcy/R21/mfbs/2363.npy
1224,/z/lancelcy/R21/mfbs/2364.npy
1225,/z/lancelcy/R21/mfbs/2365.npy
1226,/z/lancelcy/R21/mfbs/2367.npy
1227,/z/lancelcy/R21/mfbs/2384.npy
1228,/z/lancelcy/R21/mfbs/2389.npy
1229,/z/lancelcy/R21/mfbs/2394.npy
1230,/z/lancelcy/R21/mfbs/2395.npy
1231,/z/lancelcy/R21/mfbs/2397.npy
1232,/z/lancelcy/R21/mfbs/2399.npy
1233,/z/lancelcy/R21/mfbs/2401.npy
1234,/z/lancelcy/R21/mfbs/2402.npy
1235,/z/lancelcy/R21/mfbs/2403.npy
1236,/z/lancelcy/R21/mfbs/2404.npy
1237,/z/lancelcy/R21/mfbs/2405.npy
1238,/z/lancelcy/R21/mfbs/2406.npy
1239,/z/lancelcy/R21/mfbs/2407.npy
1240,/z/lancelcy/R21/mfbs/2408.npy
1241,/z/lancelcy/R21/mfbs/2411.npy
1242,/z/lancelcy/R21/mfbs/2412.npy
1243,/z/lancelcy/R21/mfbs/2416.npy
1244,/z/lancelcy/R21/mfbs/2420.npy
1245,/z/lancelcy/R21/mfbs/2421.npy
1246,/z/lancelcy/R21/mfbs/2422.npy
1247,/z/lancelcy/R21/mfbs/2423.npy
1248,/z/lancelcy/R21/mfbs/2428.npy
1249,/z/lancelcy/R21/mfbs/2429.npy
1250,/z/lancelcy/R21/mfbs/2430.npy
1251,/z/lancelcy/R21/mfbs/2431.npy
1252,/z/lancelcy/R21/mfbs/2440.npy
1253,/z/lancelcy/R21/mfbs/2465.npy
1254,/z/lancelcy/R21/mfbs/2471.npy
1255,/z/lancelcy/R21/mfbs/2472.npy
1256,/z/lancelcy/R21/mfbs/2473.npy
1257,/z/lancelcy/R21/mfbs/2474.npy
1258,/z/lancelcy/R21/mfbs/2475.npy
1259,/z/lancelcy/R21/mfbs/2476.npy
1260,/z/lancelcy/R21/mfbs/2478.npy
1261,/z/lancelcy/R21/mfbs/2479.npy
1262,/z/lancelcy/R21/mfbs/2480.npy
1263,/z/lancelcy/R21/mfbs/2481.npy
1264,/z/lancelcy/R21/mfbs/2482.npy
1265,/z/lancelcy/R21/mfbs/2483.npy
1266,/z/lancelcy/R21/mfbs/2484.npy
1267,/z/lancelcy/R21/mfbs/2485.npy
1268,/z/lancelcy/R21/mfbs/2486.npy
1269,/z/lancelcy/R21/mfbs/2487.npy
1270,/z/lancelcy/R21/mfbs/2488.npy
1271,/z/lancelcy/R21/mfbs/2489.npy
1272,/z/lancelcy/R21/mfbs/2490.npy
1273,/z/lancelcy/R21/mfbs/2491.npy
1274,/z/lancelcy/R21/mfbs/2492.npy
1275,/z/lancelcy/R21/mfbs/2493.npy
1276,/z/lancelcy/R21/mfbs/2494.npy
1277,/z/lancelcy/R21/mfbs/2495.npy
1278,/z/lancelcy/R21/mfbs/2498.npy
1279,/z/lancelcy/R21/mfbs/2509.npy
1280,/z/lancelcy/R21/mfbs/2512.npy
1281,/z/lancelcy/R21/mfbs/2513.npy
1282,/z/lancelcy/R21/mfbs/2515.npy
1283,/z/lancelcy/R21/mfbs/2516.npy
1284,/z/lancelcy/R21/mfbs/2517.npy
1285,/z/lancelcy/R21/mfbs/2518.npy
1286,/z/lancelcy/R21/mfbs/2522.npy
1287,/z/lancelcy/R21/mfbs/2529.npy
1288,/z/lancelcy/R21/mfbs/2531.npy
1289,/z/lancelcy/R21/mfbs/2532.npy
1290,/z/lancelcy/R21/mfbs/2533.npy
1291,/z/lancelcy/R21/mfbs/2534.npy
1292,/z/lancelcy/R21/mfbs/2535.npy
1293,/z/lancelcy/R21/mfbs/2536.npy
1294,/z/lancelcy/R21/mfbs/2538.npy
1295,/z/lancelcy/R21/mfbs/2540.npy
1296,/z/lancelcy/R21/mfbs/2543.npy
1297,/z/lancelcy/R21/mfbs/2555.npy
1298,/z/lancelcy/R21/mfbs/2564.npy
1299,/z/lancelcy/R21/mfbs/2566.npy
1300,/z/lancelcy/R21/mfbs/2578.npy
1301,/z/lancelcy/R21/mfbs/2579.npy
1302,/z/lancelcy/R21/mfbs/2582.npy
1303,/z/lancelcy/R21/mfbs/2583.npy
1304,/z/lancelcy/R21/mfbs/2584.npy
1305,/z/lancelcy/R21/mfbs/2591.npy
1306,/z/lancelcy/R21/mfbs/2595.npy
1307,/z/lancelcy/R21/mfbs/2598.npy
1308,/z/lancelcy/R21/mfbs/2609.npy
1309,/z/lancelcy/R21/mfbs/2619.npy
1310,/z/lancelcy/R21/mfbs/2624.npy
1311,/z/lancelcy/R21/mfbs/2630.npy
1312,/z/lancelcy/R21/mfbs/2633.npy
1313,/z/lancelcy/R21/mfbs/2642.npy
1314,/z/lancelcy/R21/mfbs/2645.npy
1315,/z/lancelcy/R21/mfbs/2665.npy
1316,/z/lancelcy/R21/mfbs/2666.npy
1317,/z/lancelcy/R21/mfbs/2667.npy
1318,/z/lancelcy/R21/mfbs/2668.npy
1319,/z/lancelcy/R21/mfbs/2669.npy
1320,/z/lancelcy/R21/mfbs/2670.npy
1321,/z/lancelcy/R21/mfbs/2672.npy
1322,/z/lancelcy/R21/mfbs/2673.npy
1323,/z/lancelcy/R21/mfbs/2674.npy
1324,/z/lancelcy/R21/mfbs/2675.npy
1325,/z/lancelcy/R21/mfbs/2694.npy
1326,/z/lancelcy/R21/mfbs/2696.npy
1327,/z/lancelcy/R21/mfbs/2697.npy
1328,/z/lancelcy/R21/mfbs/2698.npy
1329,/z/lancelcy/R21/mfbs/2706.npy
1330,/z/lancelcy/R21/mfbs/2709.npy
1331,/z/lancelcy/R21/mfbs/2712.npy
1332,/z/lancelcy/R21/mfbs/2723.npy
1333,/z/lancelcy/R21/mfbs/2724.npy
1334,/z/lancelcy/R21/mfbs/2727.npy
1335,/z/lancelcy/R21/mfbs/2729.npy
1336,/z/lancelcy/R21/mfbs/2733.npy
1337,/z/lancelcy/R21/mfbs/2746.npy
1338,/z/lancelcy/R21/mfbs/2747.npy
1339,/z/lancelcy/R21/mfbs/2751.npy
1340,/z/lancelcy/R21/mfbs/2756.npy
1341,/z/lancelcy/R21/mfbs/2759.npy
1342,/z/lancelcy/R21/mfbs/2761.npy
1343,/z/lancelcy/R21/mfbs/2768.npy
1344,/z/lancelcy/R21/mfbs/2770.npy
1345,/z/lancelcy/R21/mfbs/2771.npy
1346,/z/lancelcy/R21/mfbs/2772.npy
1347,/z/lancelcy/R21/mfbs/2773.npy
1348,/z/lancelcy/R21/mfbs/2783.npy
1349,/z/lancelcy/R21/mfbs/2784.npy
1350,/z/lancelcy/R21/mfbs/2792.npy
1351,/z/lancelcy/R21/mfbs/2795.npy
1352,/z/lancelcy/R21/mfbs/2803.npy
1353,/z/lancelcy/R21/mfbs/2806.npy
1354,/z/lancelcy/R21/mfbs/2807.npy
1355,/z/lancelcy/R21/mfbs/2808.npy
1356,/z/lancelcy/R21/mfbs/2809.npy
1357,/z/lancelcy/R21/mfbs/2810.npy
1358,/z/lancelcy/R21/mfbs/2811.npy
1359,/z/lancelcy/R21/mfbs/2812.npy
1360,/z/lancelcy/R21/mfbs/2813.npy
1361,/z/lancelcy/R21/mfbs/2814.npy
1362,/z/lancelcy/R21/mfbs/2818.npy
1363,/z/lancelcy/R21/mfbs/2820.npy
1364,/z/lancelcy/R21/mfbs/2821.npy
1365,/z/lancelcy/R21/mfbs/2822.npy
1366,/z/lancelcy/R21/mfbs/2823.npy
1367,/z/lancelcy/R21/mfbs/2824.npy
1368,/z/lancelcy/R21/mfbs/2825.npy
1369,/z/lancelcy/R21/mfbs/2831.npy
1370,/z/lancelcy/R21/mfbs/2837.npy
1371,/z/lancelcy/R21/mfbs/2839.npy
1372,/z/lancelcy/R21/mfbs/2840.npy
1373,/z/lancelcy/R21/mfbs/2843.npy
1374,/z/lancelcy/R21/mfbs/2844.npy
1375,/z/lancelcy/R21/mfbs/2845.npy
1376,/z/lancelcy/R21/mfbs/2846.npy
1377,/z/lancelcy/R21/mfbs/2847.npy
1378,/z/lancelcy/R21/mfbs/2848.npy
1379,/z/lancelcy/R21/mfbs/2849.npy
1380,/z/lancelcy/R21/mfbs/2850.npy
1381,/z/lancelcy/R21/mfbs/2851.npy
1382,/z/lancelcy/R21/mfbs/2852.npy
1383,/z/lancelcy/R21/mfbs/2853.npy
1384,/z/lancelcy/R21/mfbs/2854.npy
1385,/z/lancelcy/R21/mfbs/2855.npy
1386,/z/lancelcy/R21/mfbs/2856.npy
1387,/z/lancelcy/R21/mfbs/2857.npy
1388,/z/lancelcy/R21/mfbs/2858.npy
1389,/z/lancelcy/R21/mfbs/2860.npy
1390,/z/lancelcy/R21/mfbs/2866.npy
1391,/z/lancelcy/R21/mfbs/2868.npy
1392,/z/lancelcy/R21/mfbs/2871.npy
1393,/z/lancelcy/R21/mfbs/2873.npy
1394,/z/lancelcy/R21/mfbs/2874.npy
1395,/z/lancelcy/R21/mfbs/2875.npy
1396,/z/lancelcy/R21/mfbs/2876.npy
1397,/z/lancelcy/R21/mfbs/2877.npy
1398,/z/lancelcy/R21/mfbs/2878.npy
1399,/z/lancelcy/R21/mfbs/2879.npy
1400,/z/lancelcy/R21/mfbs/2880.npy
1401,/z/lancelcy/R21/mfbs/2881.npy
1402,/z/lancelcy/R21/mfbs/2882.npy
1403,/z/lancelcy/R21/mfbs/2883.npy
1404,/z/lancelcy/R21/mfbs/2884.npy
1405,/z/lancelcy/R21/mfbs/2885.npy
1406,/z/lancelcy/R21/mfbs/2886.npy
1407,/z/lancelcy/R21/mfbs/2887.npy
1408,/z/lancelcy/R21/mfbs/2888.npy
1409,/z/lancelcy/R21/mfbs/2889.npy
1410,/z/lancelcy/R21/mfbs/2890.npy
1411,/z/lancelcy/R21/mfbs/2891.npy
1412,/z/lancelcy/R21/mfbs/2892.npy
1413,/z/lancelcy/R21/mfbs/2893.npy
1414,/z/lancelcy/R21/mfbs/2895.npy
1415,/z/lancelcy/R21/mfbs/2896.npy
1416,/z/lancelcy/R21/mfbs/2897.npy
1417,/z/lancelcy/R21/mfbs/2898.npy
1418,/z/lancelcy/R21/mfbs/2899.npy
1419,/z/lancelcy/R21/mfbs/2900.npy
1420,/z/lancelcy/R21/mfbs/2901.npy
1421,/z/lancelcy/R21/mfbs/2902.npy
1422,/z/lancelcy/R21/mfbs/2903.npy
1423,/z/lancelcy/R21/mfbs/2904.npy
1424,/z/lancelcy/R21/mfbs/2905.npy
1425,/z/lancelcy/R21/mfbs/2907.npy
1426,/z/lancelcy/R21/mfbs/2908.npy
1427,/z/lancelcy/R21/mfbs/2909.npy
1428,/z/lancelcy/R21/mfbs/2910.npy
1429,/z/lancelcy/R21/mfbs/2911.npy
1430,/z/lancelcy/R21/mfbs/2912.npy
1431,/z/lancelcy/R21/mfbs/2913.npy
1432,/z/lancelcy/R21/mfbs/2914.npy
1433,/z/lancelcy/R21/mfbs/2915.npy
1434,/z/lancelcy/R21/mfbs/2916.npy
1435,/z/lancelcy/R21/mfbs/2917.npy
1436,/z/lancelcy/R21/mfbs/2918.npy
1437,/z/lancelcy/R21/mfbs/2919.npy
1438,/z/lancelcy/R21/mfbs/2920.npy
1439,/z/lancelcy/R21/mfbs/2921.npy
1440,/z/lancelcy/R21/mfbs/2922.npy
1441,/z/lancelcy/R21/mfbs/2923.npy
1442,/z/lancelcy/R21/mfbs/2924.npy
1443,/z/lancelcy/R21/mfbs/2925.npy
1444,/z/lancelcy/R21/mfbs/2926.npy
1445,/z/lancelcy/R21/mfbs/2927.npy
1446,/z/lancelcy/R21/mfbs/2928.npy
1447,/z/lancelcy/R21/mfbs/2929.npy
1448,/z/lancelcy/R21/mfbs/2930.npy
1449,/z/lancelcy/R21/mfbs/2931.npy
1450,/z/lancelcy/R21/mfbs/2932.npy
1451,/z/lancelcy/R21/mfbs/2933.npy
1452,/z/lancelcy/R21/mfbs/2934.npy
1453,/z/lancelcy/R21/mfbs/2935.npy
1454,/z/lancelcy/R21/mfbs/2936.npy
1455,/z/lancelcy/R21/mfbs/2937.npy
1456,/z/lancelcy/R21/mfbs/2938.npy
1457,/z/lancelcy/R21/mfbs/2939.npy
1458,/z/lancelcy/R21/mfbs/2940.npy
1459,/z/lancelcy/R21/mfbs/2941.npy
1460,/z/lancelcy/R21/mfbs/2942.npy
1461,/z/lancelcy/R21/mfbs/2943.npy
1462,/z/lancelcy/R21/mfbs/2944.npy
1463,/z/lancelcy/R21/mfbs/2945.npy
1464,/z/lancelcy/R21/mfbs/2949.npy
1465,/z/lancelcy/R21/mfbs/2951.npy
1466,/z/lancelcy/R21/mfbs/2952.npy
1467,/z/lancelcy/R21/mfbs/2953.npy
1468,/z/lancelcy/R21/mfbs/2956.npy
1469,/z/lancelcy/R21/mfbs/2957.npy
1470,/z/lancelcy/R21/mfbs/2958.npy
1471,/z/lancelcy/R21/mfbs/2959.npy
1472,/z/lancelcy/R21/mfbs/2960.npy
1473,/z/lancelcy/R21/mfbs/2963.npy
1474,/z/lancelcy/R21/mfbs/2964.npy
1475,/z/lancelcy/R21/mfbs/2965.npy
1476,/z/lancelcy/R21/mfbs/2966.npy
1477,/z/lancelcy/R21/mfbs/2967.npy
1478,/z/lancelcy/R21/mfbs/2968.npy
1479,/z/lancelcy/R21/mfbs/2969.npy
1480,/z/lancelcy/R21/mfbs/2970.npy
1481,/z/lancelcy/R21/mfbs/2971.npy
1482,/z/lancelcy/R21/mfbs/2972.npy
1483,/z/lancelcy/R21/mfbs/2973.npy
1484,/z/lancelcy/R21/mfbs/2974.npy
1485,/z/lancelcy/R21/mfbs/2977.npy
1486,/z/lancelcy/R21/mfbs/2978.npy
1487,/z/lancelcy/R21/mfbs/2980.npy
1488,/z/lancelcy/R21/mfbs/2982.npy
1489,/z/lancelcy/R21/mfbs/2983.npy
1490,/z/lancelcy/R21/mfbs/2984.npy
1491,/z/lancelcy/R21/mfbs/2985.npy
1492,/z/lancelcy/R21/mfbs/2986.npy
1493,/z/lancelcy/R21/mfbs/2996.npy
1494,/z/lancelcy/R21/mfbs/2998.npy
1495,/z/lancelcy/R21/mfbs/2999.npy
1496,/z/lancelcy/R21/mfbs/3000.npy
1497,/z/lancelcy/R21/mfbs/3001.npy
1498,/z/lancelcy/R21/mfbs/3002.npy
1499,/z/lancelcy/R21/mfbs/3003.npy
1500,/z/lancelcy/R21/mfbs/3005.npy
1501,/z/lancelcy/R21/mfbs/3006.npy
1502,/z/lancelcy/R21/mfbs/3007.npy
1503,/z/lancelcy/R21/mfbs/3008.npy
1504,/z/lancelcy/R21/mfbs/3010.npy
1505,/z/lancelcy/R21/mfbs/3011.npy
1506,/z/lancelcy/R21/mfbs/3012.npy
1507,/z/lancelcy/R21/mfbs/3013.npy
1508,/z/lancelcy/R21/mfbs/3014.npy
1509,/z/lancelcy/R21/mfbs/3015.npy
1510,/z/lancelcy/R21/mfbs/3016.npy
1511,/z/lancelcy/R21/mfbs/3017.npy
1512,/z/lancelcy/R21/mfbs/3018.npy
1513,/z/lancelcy/R21/mfbs/3020.npy
1514,/z/lancelcy/R21/mfbs/3021.npy
1515,/z/lancelcy/R21/mfbs/3022.npy
1516,/z/lancelcy/R21/mfbs/3023.npy
1517,/z/lancelcy/R21/mfbs/3024.npy
1518,/z/lancelcy/R21/mfbs/3025.npy
1519,/z/lancelcy/R21/mfbs/3026.npy
1520,/z/lancelcy/R21/mfbs/3027.npy
1521,/z/lancelcy/R21/mfbs/3028.npy
1522,/z/lancelcy/R21/mfbs/3029.npy
1523,/z/lancelcy/R21/mfbs/3030.npy
1524,/z/lancelcy/R21/mfbs/3031.npy
1525,/z/lancelcy/R21/mfbs/3032.npy
1526,/z/lancelcy/R21/mfbs/3034.npy
1527,/z/lancelcy/R21/mfbs/3035.npy
1528,/z/lancelcy/R21/mfbs/3036.npy
1529,/z/lancelcy/R21/mfbs/3037.npy
1530,/z/lancelcy/R21/mfbs/3038.npy
1531,/z/lancelcy/R21/mfbs/3039.npy
1532,/z/lancelcy/R21/mfbs/3040.npy
1533,/z/lancelcy/R21/mfbs/3041.npy
1534,/z/lancelcy/R21/mfbs/3042.npy
1535,/z/lancelcy/R21/mfbs/3043.npy
1536,/z/lancelcy/R21/mfbs/3044.npy
1537,/z/lancelcy/R21/mfbs/3045.npy
1538,/z/lancelcy/R21/mfbs/3046.npy
1539,/z/lancelcy/R21/mfbs/3047.npy
1540,/z/lancelcy/R21/mfbs/3048.npy
1541,/z/lancelcy/R21/mfbs/3050.npy
1542,/z/lancelcy/R21/mfbs/3052.npy
1543,/z/lancelcy/R21/mfbs/3053.npy
1544,/z/lancelcy/R21/mfbs/3054.npy
1545,/z/lancelcy/R21/mfbs/3063.npy
1546,/z/lancelcy/R21/mfbs/3064.npy
1547,/z/lancelcy/R21/mfbs/3065.npy
1548,/z/lancelcy/R21/mfbs/3066.npy
1549,/z/lancelcy/R21/mfbs/3069.npy
1550,/z/lancelcy/R21/mfbs/3074.npy
1551,/z/lancelcy/R21/mfbs/3076.npy
1552,/z/lancelcy/R21/mfbs/3077.npy
1553,/z/lancelcy/R21/mfbs/3079.npy
1554,/z/lancelcy/R21/mfbs/3080.npy
1555,/z/lancelcy/R21/mfbs/3081.npy
1556,/z/lancelcy/R21/mfbs/3082.npy
1557,/z/lancelcy/R21/mfbs/3084.npy
1558,/z/lancelcy/R21/mfbs/3086.npy
1559,/z/lancelcy/R21/mfbs/3089.npy
1560,/z/lancelcy/R21/mfbs/3091.npy
1561,/z/lancelcy/R21/mfbs/3092.npy
1562,/z/lancelcy/R21/mfbs/3093.npy
1563,/z/lancelcy/R21/mfbs/3094.npy
1564,/z/lancelcy/R21/mfbs/3096.npy
1565,/z/lancelcy/R21/mfbs/3099.npy
1566,/z/lancelcy/R21/mfbs/3100.npy
1567,/z/lancelcy/R21/mfbs/3101.npy
1568,/z/lancelcy/R21/mfbs/3102.npy
1569,/z/lancelcy/R21/mfbs/3103.npy
1570,/z/lancelcy/R21/mfbs/3104.npy
1571,/z/lancelcy/R21/mfbs/3105.npy
1572,/z/lancelcy/R21/mfbs/3106.npy
1573,/z/lancelcy/R21/mfbs/3107.npy
1574,/z/lancelcy/R21/mfbs/3108.npy
1575,/z/lancelcy/R21/mfbs/3109.npy
1576,/z/lancelcy/R21/mfbs/3110.npy
1577,/z/lancelcy/R21/mfbs/3112.npy
1578,/z/lancelcy/R21/mfbs/3113.npy
1579,/z/lancelcy/R21/mfbs/3114.npy
1580,/z/lancelcy/R21/mfbs/3115.npy
1581,/z/lancelcy/R21/mfbs/3139.npy
1582,/z/lancelcy/R21/mfbs/3140.npy
1583,/z/lancelcy/R21/mfbs/3142.npy
1584,/z/lancelcy/R21/mfbs/3143.npy
1585,/z/lancelcy/R21/mfbs/3144.npy
1586,/z/lancelcy/R21/mfbs/3145.npy
1587,/z/lancelcy/R21/mfbs/3146.npy
1588,/z/lancelcy/R21/mfbs/3156.npy
1589,/z/lancelcy/R21/mfbs/3158.npy
1590,/z/lancelcy/R21/mfbs/3159.npy
1591,/z/lancelcy/R21/mfbs/3160.npy
1592,/z/lancelcy/R21/mfbs/3162.npy
1593,/z/lancelcy/R21/mfbs/3168.npy
1594,/z/lancelcy/R21/mfbs/3171.npy
1595,/z/lancelcy/R21/mfbs/3177.npy
1596,/z/lancelcy/R21/mfbs/3178.npy
1597,/z/lancelcy/R21/mfbs/3179.npy
1598,/z/lancelcy/R21/mfbs/3182.npy
1599,/z/lancelcy/R21/mfbs/3183.npy
1600,/z/lancelcy/R21/mfbs/3184.npy
1601,/z/lancelcy/R21/mfbs/3185.npy
1602,/z/lancelcy/R21/mfbs/3186.npy
1603,/z/lancelcy/R21/mfbs/3187.npy
1604,/z/lancelcy/R21/mfbs/3194.npy
1605,/z/lancelcy/R21/mfbs/3195.npy
1606,/z/lancelcy/R21/mfbs/3224.npy
1607,/z/lancelcy/R21/mfbs/3232.npy
1608,/z/lancelcy/R21/mfbs/3235.npy
1609,/z/lancelcy/R21/mfbs/3236.npy
1610,/z/lancelcy/R21/mfbs/3237.npy
1611,/z/lancelcy/R21/mfbs/3238.npy
1612,/z/lancelcy/R21/mfbs/3239.npy
1613,/z/lancelcy/R21/mfbs/3240.npy
1614,/z/lancelcy/R21/mfbs/3241.npy
1615,/z/lancelcy/R21/mfbs/3242.npy
1616,/z/lancelcy/R21/mfbs/3243.npy
1617,/z/lancelcy/R21/mfbs/3244.npy
1618,/z/lancelcy/R21/mfbs/3245.npy
1619,/z/lancelcy/R21/mfbs/3246.npy
1620,/z/lancelcy/R21/mfbs/3247.npy
1621,/z/lancelcy/R21/mfbs/3248.npy
1622,/z/lancelcy/R21/mfbs/3249.npy
1623,/z/lancelcy/R21/mfbs/3250.npy
1624,/z/lancelcy/R21/mfbs/3251.npy
1625,/z/lancelcy/R21/mfbs/3255.npy
1626,/z/lancelcy/R21/mfbs/3262.npy
1627,/z/lancelcy/R21/mfbs/3264.npy
1628,/z/lancelcy/R21/mfbs/3265.npy
1629,/z/lancelcy/R21/mfbs/3266.npy
1630,/z/lancelcy/R21/mfbs/3267.npy
1631,/z/lancelcy/R21/mfbs/3268.npy
1632,/z/lancelcy/R21/mfbs/3269.npy
1633,/z/lancelcy/R21/mfbs/3270.npy
1634,/z/lancelcy/R21/mfbs/3272.npy
1635,/z/lancelcy/R21/mfbs/3274.npy
1636,/z/lancelcy/R21/mfbs/3275.npy
1637,/z/lancelcy/R21/mfbs/3276.npy
1638,/z/lancelcy/R21/mfbs/3277.npy
1639,/z/lancelcy/R21/mfbs/3278.npy
1640,/z/lancelcy/R21/mfbs/3280.npy
1641,/z/lancelcy/R21/mfbs/3281.npy
1642,/z/lancelcy/R21/mfbs/3282.npy
1643,/z/lancelcy/R21/mfbs/3284.npy
1644,/z/lancelcy/R21/mfbs/3285.npy
1645,/z/lancelcy/R21/mfbs/3288.npy
1646,/z/lancelcy/R21/mfbs/3289.npy
1647,/z/lancelcy/R21/mfbs/3306.npy
1648,/z/lancelcy/R21/mfbs/3307.npy
1649,/z/lancelcy/R21/mfbs/3308.npy
1650,/z/lancelcy/R21/mfbs/3309.npy
1651,/z/lancelcy/R21/mfbs/3310.npy
1652,/z/lancelcy/R21/mfbs/3311.npy
1653,/z/lancelcy/R21/mfbs/3312.npy
1654,/z/lancelcy/R21/mfbs/3313.npy
1655,/z/lancelcy/R21/mfbs/3314.npy
1656,/z/lancelcy/R21/mfbs/3315.npy
1657,/z/lancelcy/R21/mfbs/3316.npy
1658,/z/lancelcy/R21/mfbs/3317.npy
1659,/z/lancelcy/R21/mfbs/3318.npy
1660,/z/lancelcy/R21/mfbs/3319.npy
1661,/z/lancelcy/R21/mfbs/3320.npy
1662,/z/lancelcy/R21/mfbs/3321.npy
1663,/z/lancelcy/R21/mfbs/3322.npy
1664,/z/lancelcy/R21/mfbs/3323.npy
1665,/z/lancelcy/R21/mfbs/3324.npy
1666,/z/lancelcy/R21/mfbs/3326.npy
1667,/z/lancelcy/R21/mfbs/3327.npy
1668,/z/lancelcy/R21/mfbs/3328.npy
1669,/z/lancelcy/R21/mfbs/3329.npy
1670,/z/lancelcy/R21/mfbs/3330.npy
1671,/z/lancelcy/R21/mfbs/3331.npy
1672,/z/lancelcy/R21/mfbs/3332.npy
1673,/z/lancelcy/R21/mfbs/3334.npy
1674,/z/lancelcy/R21/mfbs/3336.npy
1675,/z/lancelcy/R21/mfbs/3337.npy
1676,/z/lancelcy/R21/mfbs/3338.npy
1677,/z/lancelcy/R21/mfbs/3339.npy
1678,/z/lancelcy/R21/mfbs/3340.npy
1679,/z/lancelcy/R21/mfbs/3341.npy
1680,/z/lancelcy/R21/mfbs/3342.npy
1681,/z/lancelcy/R21/mfbs/3343.npy
1682,/z/lancelcy/R21/mfbs/3344.npy
1683,/z/lancelcy/R21/mfbs/3345.npy
1684,/z/lancelcy/R21/mfbs/3346.npy
1685,/z/lancelcy/R21/mfbs/3347.npy
1686,/z/lancelcy/R21/mfbs/3348.npy
1687,/z/lancelcy/R21/mfbs/3349.npy
1688,/z/lancelcy/R21/mfbs/3350.npy
1689,/z/lancelcy/R21/mfbs/3351.npy
1690,/z/lancelcy/R21/mfbs/3352.npy
1691,/z/lancelcy/R21/mfbs/3355.npy
1692,/z/lancelcy/R21/mfbs/3356.npy
1693,/z/lancelcy/R21/mfbs/3358.npy
1694,/z/lancelcy/R21/mfbs/3359.npy
1695,/z/lancelcy/R21/mfbs/3360.npy
1696,/z/lancelcy/R21/mfbs/3361.npy
1697,/z/lancelcy/R21/mfbs/3362.npy
1698,/z/lancelcy/R21/mfbs/3363.npy
1699,/z/lancelcy/R21/mfbs/3364.npy
1700,/z/lancelcy/R21/mfbs/3365.npy
1701,/z/lancelcy/R21/mfbs/3366.npy
1702,/z/lancelcy/R21/mfbs/3367.npy
1703,/z/lancelcy/R21/mfbs/3368.npy
1704,/z/lancelcy/R21/mfbs/3369.npy
1705,/z/lancelcy/R21/mfbs/3370.npy
1706,/z/lancelcy/R21/mfbs/3371.npy
1707,/z/lancelcy/R21/mfbs/3372.npy
1708,/z/lancelcy/R21/mfbs/3373.npy
1709,/z/lancelcy/R21/mfbs/3374.npy
1710,/z/lancelcy/R21/mfbs/3375.npy
1711,/z/lancelcy/R21/mfbs/3376.npy
1712,/z/lancelcy/R21/mfbs/3377.npy
1713,/z/lancelcy/R21/mfbs/3378.npy
1714,/z/lancelcy/R21/mfbs/3379.npy
1715,/z/lancelcy/R21/mfbs/3380.npy
1716,/z/lancelcy/R21/mfbs/3381.npy
1717,/z/lancelcy/R21/mfbs/3392.npy
1718,/z/lancelcy/R21/mfbs/3393.npy
1719,/z/lancelcy/R21/mfbs/3394.npy
1720,/z/lancelcy/R21/mfbs/3395.npy
1721,/z/lancelcy/R21/mfbs/3396.npy
1722,/z/lancelcy/R21/mfbs/3397.npy
1723,/z/lancelcy/R21/mfbs/3398.npy
1724,/z/lancelcy/R21/mfbs/3399.npy
1725,/z/lancelcy/R21/mfbs/3400.npy
1726,/z/lancelcy/R21/mfbs/3401.npy
1727,/z/lancelcy/R21/mfbs/3402.npy
1728,/z/lancelcy/R21/mfbs/3405.npy
1729,/z/lancelcy/R21/mfbs/3407.npy
1730,/z/lancelcy/R21/mfbs/3408.npy
1731,/z/lancelcy/R21/mfbs/3409.npy
1732,/z/lancelcy/R21/mfbs/3410.npy
1733,/z/lancelcy/R21/mfbs/3411.npy
1734,/z/lancelcy/R21/mfbs/3412.npy
1735,/z/lancelcy/R21/mfbs/3413.npy
1736,/z/lancelcy/R21/mfbs/3414.npy
1737,/z/lancelcy/R21/mfbs/3416.npy
1738,/z/lancelcy/R21/mfbs/3417.npy
1739,/z/lancelcy/R21/mfbs/3418.npy
1740,/z/lancelcy/R21/mfbs/3419.npy
1741,/z/lancelcy/R21/mfbs/3420.npy
1742,/z/lancelcy/R21/mfbs/3421.npy
1743,/z/lancelcy/R21/mfbs/3422.npy
1744,/z/lancelcy/R21/mfbs/3423.npy
1745,/z/lancelcy/R21/mfbs/3424.npy
1746,/z/lancelcy/R21/mfbs/3425.npy
1747,/z/lancelcy/R21/mfbs/3426.npy
1748,/z/lancelcy/R21/mfbs/3428.npy
1749,/z/lancelcy/R21/mfbs/3430.npy
1750,/z/lancelcy/R21/mfbs/3432.npy
1751,/z/lancelcy/R21/mfbs/3433.npy
1752,/z/lancelcy/R21/mfbs/3434.npy
1753,/z/lancelcy/R21/mfbs/3435.npy
1754,/z/lancelcy/R21/mfbs/3436.npy
1755,/z/lancelcy/R21/mfbs/3437.npy
1756,/z/lancelcy/R21/mfbs/3438.npy
1757,/z/lancelcy/R21/mfbs/3439.npy
1758,/z/lancelcy/R21/mfbs/3440.npy
1759,/z/lancelcy/R21/mfbs/3441.npy
1760,/z/lancelcy/R21/mfbs/3442.npy
1761,/z/lancelcy/R21/mfbs/3445.npy
1762,/z/lancelcy/R21/mfbs/3446.npy
1763,/z/lancelcy/R21/mfbs/3447.npy
1764,/z/lancelcy/R21/mfbs/3448.npy
1765,/z/lancelcy/R21/mfbs/3449.npy
1766,/z/lancelcy/R21/mfbs/3450.npy
1767,/z/lancelcy/R21/mfbs/3451.npy
1768,/z/lancelcy/R21/mfbs/3452.npy
1769,/z/lancelcy/R21/mfbs/3453.npy
1770,/z/lancelcy/R21/mfbs/3455.npy
1771,/z/lancelcy/R21/mfbs/3456.npy
1772,/z/lancelcy/R21/mfbs/3460.npy
1773,/z/lancelcy/R21/mfbs/3464.npy
1774,/z/lancelcy/R21/mfbs/3465.npy
1775,/z/lancelcy/R21/mfbs/3467.npy
1776,/z/lancelcy/R21/mfbs/3469.npy
1777,/z/lancelcy/R21/mfbs/3470.npy
1778,/z/lancelcy/R21/mfbs/3471.npy
1779,/z/lancelcy/R21/mfbs/3472.npy
1780,/z/lancelcy/R21/mfbs/3473.npy
1781,/z/lancelcy/R21/mfbs/3474.npy
1782,/z/lancelcy/R21/mfbs/3475.npy
1783,/z/lancelcy/R21/mfbs/3476.npy
1784,/z/lancelcy/R21/mfbs/3478.npy
1785,/z/lancelcy/R21/mfbs/3479.npy
1786,/z/lancelcy/R21/mfbs/3481.npy
1787,/z/lancelcy/R21/mfbs/3482.npy
1788,/z/lancelcy/R21/mfbs/3483.npy
1789,/z/lancelcy/R21/mfbs/3484.npy
1790,/z/lancelcy/R21/mfbs/3485.npy
1791,/z/lancelcy/R21/mfbs/3486.npy
1792,/z/lancelcy/R21/mfbs/3487.npy
1793,/z/lancelcy/R21/mfbs/3488.npy
1794,/z/lancelcy/R21/mfbs/3489.npy
1795,/z/lancelcy/R21/mfbs/3490.npy
1796,/z/lancelcy/R21/mfbs/3491.npy
1797,/z/lancelcy/R21/mfbs/3492.npy
1798,/z/lancelcy/R21/mfbs/3504.npy
1799,/z/lancelcy/R21/mfbs/3505.npy
1800,/z/lancelcy/R21/mfbs/3506.npy
1801,/z/lancelcy/R21/mfbs/3507.npy
1802,/z/lancelcy/R21/mfbs/3508.npy
1803,/z/lancelcy/R21/mfbs/3509.npy
1804,/z/lancelcy/R21/mfbs/3510.npy
1805,/z/lancelcy/R21/mfbs/3512.npy
1806,/z/lancelcy/R21/mfbs/3513.npy
1807,/z/lancelcy/R21/mfbs/3514.npy
1808,/z/lancelcy/R21/mfbs/3516.npy
1809,/z/lancelcy/R21/mfbs/3517.npy
1810,/z/lancelcy/R21/mfbs/3518.npy
1811,/z/lancelcy/R21/mfbs/3519.npy
1812,/z/lancelcy/R21/mfbs/3520.npy
1813,/z/lancelcy/R21/mfbs/3521.npy
1814,/z/lancelcy/R21/mfbs/3522.npy
1815,/z/lancelcy/R21/mfbs/3523.npy
1816,/z/lancelcy/R21/mfbs/3524.npy
1817,/z/lancelcy/R21/mfbs/3525.npy
1818,/z/lancelcy/R21/mfbs/3526.npy
1819,/z/lancelcy/R21/mfbs/3527.npy
1820,/z/lancelcy/R21/mfbs/3528.npy
1821,/z/lancelcy/R21/mfbs/3529.npy
1822,/z/lancelcy/R21/mfbs/3530.npy
1823,/z/lancelcy/R21/mfbs/3531.npy
1824,/z/lancelcy/R21/mfbs/3532.npy
1825,/z/lancelcy/R21/mfbs/3533.npy
1826,/z/lancelcy/R21/mfbs/3534.npy
1827,/z/lancelcy/R21/mfbs/3535.npy
1828,/z/lancelcy/R21/mfbs/3536.npy
1829,/z/lancelcy/R21/mfbs/3537.npy
1830,/z/lancelcy/R21/mfbs/3538.npy
1831,/z/lancelcy/R21/mfbs/3539.npy
1832,/z/lancelcy/R21/mfbs/3540.npy
1833,/z/lancelcy/R21/mfbs/3543.npy
1834,/z/lancelcy/R21/mfbs/3544.npy
1835,/z/lancelcy/R21/mfbs/3545.npy
1836,/z/lancelcy/R21/mfbs/3546.npy
1837,/z/lancelcy/R21/mfbs/3547.npy
1838,/z/lancelcy/R21/mfbs/3548.npy
1839,/z/lancelcy/R21/mfbs/3549.npy
1840,/z/lancelcy/R21/mfbs/3550.npy
1841,/z/lancelcy/R21/mfbs/3554.npy
1842,/z/lancelcy/R21/mfbs/3555.npy
1843,/z/lancelcy/R21/mfbs/3556.npy
1844,/z/lancelcy/R21/mfbs/3558.npy
1845,/z/lancelcy/R21/mfbs/3559.npy
1846,/z/lancelcy/R21/mfbs/3560.npy
1847,/z/lancelcy/R21/mfbs/3561.npy
1848,/z/lancelcy/R21/mfbs/3562.npy
1849,/z/lancelcy/R21/mfbs/3563.npy
1850,/z/lancelcy/R21/mfbs/3564.npy
1851,/z/lancelcy/R21/mfbs/3566.npy
1852,/z/lancelcy/R21/mfbs/3567.npy
1853,/z/lancelcy/R21/mfbs/3568.npy
1854,/z/lancelcy/R21/mfbs/3569.npy
1855,/z/lancelcy/R21/mfbs/3570.npy
1856,/z/lancelcy/R21/mfbs/3571.npy
1857,/z/lancelcy/R21/mfbs/3572.npy
1858,/z/lancelcy/R21/mfbs/3574.npy
1859,/z/lancelcy/R21/mfbs/3575.npy
1860,/z/lancelcy/R21/mfbs/3576.npy
1861,/z/lancelcy/R21/mfbs/3577.npy
1862,/z/lancelcy/R21/mfbs/3578.npy
1863,/z/lancelcy/R21/mfbs/3579.npy
1864,/z/lancelcy/R21/mfbs/3580.npy
1865,/z/lancelcy/R21/mfbs/3582.npy
1866,/z/lancelcy/R21/mfbs/3583.npy
1867,/z/lancelcy/R21/mfbs/3584.npy
1868,/z/lancelcy/R21/mfbs/3585.npy
1869,/z/lancelcy/R21/mfbs/3586.npy
1870,/z/lancelcy/R21/mfbs/3587.npy
1871,/z/lancelcy/R21/mfbs/3589.npy
1872,/z/lancelcy/R21/mfbs/3590.npy
1873,/z/lancelcy/R21/mfbs/3591.npy
1874,/z/lancelcy/R21/mfbs/3592.npy
1875,/z/lancelcy/R21/mfbs/3593.npy
1876,/z/lancelcy/R21/mfbs/3594.npy
1877,/z/lancelcy/R21/mfbs/3596.npy
1878,/z/lancelcy/R21/mfbs/3597.npy
1879,/z/lancelcy/R21/mfbs/3598.npy
1880,/z/lancelcy/R21/mfbs/3600.npy
1881,/z/lancelcy/R21/mfbs/3601.npy
1882,/z/lancelcy/R21/mfbs/3602.npy
1883,/z/lancelcy/R21/mfbs/3603.npy
1884,/z/lancelcy/R21/mfbs/3604.npy
1885,/z/lancelcy/R21/mfbs/3605.npy
1886,/z/lancelcy/R21/mfbs/3606.npy
1887,/z/lancelcy/R21/mfbs/3607.npy
1888,/z/lancelcy/R21/mfbs/3608.npy
1889,/z/lancelcy/R21/mfbs/3609.npy
1890,/z/lancelcy/R21/mfbs/3610.npy
1891,/z/lancelcy/R21/mfbs/3611.npy
1892,/z/lancelcy/R21/mfbs/3614.npy
1893,/z/lancelcy/R21/mfbs/3615.npy
1894,/z/lancelcy/R21/mfbs/3616.npy
1895,/z/lancelcy/R21/mfbs/3617.npy
1896,/z/lancelcy/R21/mfbs/3619.npy
1897,/z/lancelcy/R21/mfbs/3620.npy
1898,/z/lancelcy/R21/mfbs/3624.npy
1899,/z/lancelcy/R21/mfbs/3625.npy
1900,/z/lancelcy/R21/mfbs/3626.npy
1901,/z/lancelcy/R21/mfbs/3627.npy
1902,/z/lancelcy/R21/mfbs/3628.npy
1903,/z/lancelcy/R21/mfbs/3629.npy
1904,/z/lancelcy/R21/mfbs/3630.npy
1905,/z/lancelcy/R21/mfbs/3631.npy
1906,/z/lancelcy/R21/mfbs/3633.npy
1907,/z/lancelcy/R21/mfbs/3634.npy
1908,/z/lancelcy/R21/mfbs/3635.npy
1909,/z/lancelcy/R21/mfbs/3636.npy
1910,/z/lancelcy/R21/mfbs/3637.npy
1911,/z/lancelcy/R21/mfbs/3638.npy
1912,/z/lancelcy/R21/mfbs/3639.npy
1913,/z/lancelcy/R21/mfbs/3641.npy
1914,/z/lancelcy/R21/mfbs/3642.npy
1915,/z/lancelcy/R21/mfbs/3645.npy
1916,/z/lancelcy/R21/mfbs/3646.npy
1917,/z/lancelcy/R21/mfbs/3647.npy
1918,/z/lancelcy/R21/mfbs/3648.npy
1919,/z/lancelcy/R21/mfbs/3649.npy
1920,/z/lancelcy/R21/mfbs/3650.npy
1921,/z/lancelcy/R21/mfbs/3653.npy
1922,/z/lancelcy/R21/mfbs/3655.npy
1923,/z/lancelcy/R21/mfbs/3656.npy
1924,/z/lancelcy/R21/mfbs/3657.npy
1925,/z/lancelcy/R21/mfbs/3658.npy
1926,/z/lancelcy/R21/mfbs/3663.npy
1927,/z/lancelcy/R21/mfbs/3664.npy
1928,/z/lancelcy/R21/mfbs/3666.npy
1929,/z/lancelcy/R21/mfbs/3667.npy
1930,/z/lancelcy/R21/mfbs/3668.npy
1931,/z/lancelcy/R21/mfbs/3670.npy
1932,/z/lancelcy/R21/mfbs/3671.npy
1933,/z/lancelcy/R21/mfbs/3676.npy
1934,/z/lancelcy/R21/mfbs/3677.npy
1935,/z/lancelcy/R21/mfbs/3679.npy
1936,/z/lancelcy/R21/mfbs/3680.npy
1937,/z/lancelcy/R21/mfbs/3681.npy
1938,/z/lancelcy/R21/mfbs/3682.npy
1939,/z/lancelcy/R21/mfbs/3683.npy
1940,/z/lancelcy/R21/mfbs/3684.npy
1941,/z/lancelcy/R21/mfbs/3685.npy
1942,/z/lancelcy/R21/mfbs/3687.npy
1943,/z/lancelcy/R21/mfbs/3691.npy
1944,/z/lancelcy/R21/mfbs/3694.npy
1945,/z/lancelcy/R21/mfbs/3696.npy
1946,/z/lancelcy/R21/mfbs/3697.npy
1947,/z/lancelcy/R21/mfbs/3708.npy
1948,/z/lancelcy/R21/mfbs/3710.npy
1949,/z/lancelcy/R21/mfbs/3714.npy
1950,/z/lancelcy/R21/mfbs/3717.npy
1951,/z/lancelcy/R21/mfbs/3718.npy
1952,/z/lancelcy/R21/mfbs/3719.npy
1953,/z/lancelcy/R21/mfbs/3720.npy
1954,/z/lancelcy/R21/mfbs/3721.npy
1955,/z/lancelcy/R21/mfbs/3723.npy
1956,/z/lancelcy/R21/mfbs/3724.npy
1957,/z/lancelcy/R21/mfbs/3725.npy
1958,/z/lancelcy/R21/mfbs/3726.npy
1959,/z/lancelcy/R21/mfbs/3727.npy
1960,/z/lancelcy/R21/mfbs/3728.npy
1961,/z/lancelcy/R21/mfbs/3729.npy
1962,/z/lancelcy/R21/mfbs/3730.npy
1963,/z/lancelcy/R21/mfbs/3731.npy
1964,/z/lancelcy/R21/mfbs/3732.npy
1965,/z/lancelcy/R21/mfbs/3733.npy
1966,/z/lancelcy/R21/mfbs/3734.npy
1967,/z/lancelcy/R21/mfbs/3736.npy
1968,/z/lancelcy/R21/mfbs/3737.npy
1969,/z/lancelcy/R21/mfbs/3740.npy
1970,/z/lancelcy/R21/mfbs/3741.npy
1971,/z/lancelcy/R21/mfbs/3744.npy
1972,/z/lancelcy/R21/mfbs/3749.npy
1973,/z/lancelcy/R21/mfbs/3750.npy
1974,/z/lancelcy/R21/mfbs/3751.npy
1975,/z/lancelcy/R21/mfbs/3752.npy
1976,/z/lancelcy/R21/mfbs/3753.npy
1977,/z/lancelcy/R21/mfbs/3754.npy
1978,/z/lancelcy/R21/mfbs/3755.npy
1979,/z/lancelcy/R21/mfbs/3756.npy
1980,/z/lancelcy/R21/mfbs/3757.npy
1981,/z/lancelcy/R21/mfbs/3759.npy
1982,/z/lancelcy/R21/mfbs/3760.npy
1983,/z/lancelcy/R21/mfbs/3762.npy
1984,/z/lancelcy/R21/mfbs/3763.npy
1985,/z/lancelcy/R21/mfbs/3764.npy
1986,/z/lancelcy/R21/mfbs/3765.npy
1987,/z/lancelcy/R21/mfbs/3766.npy
1988,/z/lancelcy/R21/mfbs/3767.npy
1989,/z/lancelcy/R21/mfbs/3768.npy
1990,/z/lancelcy/R21/mfbs/3769.npy
1991,/z/lancelcy/R21/mfbs/3770.npy
1992,/z/lancelcy/R21/mfbs/3771.npy
1993,/z/lancelcy/R21/mfbs/3772.npy
1994,/z/lancelcy/R21/mfbs/3773.npy
1995,/z/lancelcy/R21/mfbs/3774.npy
1996,/z/lancelcy/R21/mfbs/3775.npy
1997,/z/lancelcy/R21/mfbs/3776.npy
1998,/z/lancelcy/R21/mfbs/3777.npy
1999,/z/lancelcy/R21/mfbs/3779.npy
2000,/z/lancelcy/R21/mfbs/3794.npy
2001,/z/lancelcy/R21/mfbs/3795.npy
2002,/z/lancelcy/R21/mfbs/3796.npy
2003,/z/lancelcy/R21/mfbs/3800.npy
2004,/z/lancelcy/R21/mfbs/3801.npy
2005,/z/lancelcy/R21/mfbs/3802.npy
2006,/z/lancelcy/R21/mfbs/3804.npy
2007,/z/lancelcy/R21/mfbs/3805.npy
2008,/z/lancelcy/R21/mfbs/3806.npy
2009,/z/lancelcy/R21/mfbs/3807.npy
2010,/z/lancelcy/R21/mfbs/3808.npy
2011,/z/lancelcy/R21/mfbs/3809.npy
2012,/z/lancelcy/R21/mfbs/3810.npy
2013,/z/lancelcy/R21/mfbs/3812.npy
2014,/z/lancelcy/R21/mfbs/3813.npy
2015,/z/lancelcy/R21/mfbs/3814.npy
2016,/z/lancelcy/R21/mfbs/3815.npy
2017,/z/lancelcy/R21/mfbs/3816.npy
2018,/z/lancelcy/R21/mfbs/3817.npy
2019,/z/lancelcy/R21/mfbs/3819.npy
2020,/z/lancelcy/R21/mfbs/3821.npy
2021,/z/lancelcy/R21/mfbs/3822.npy
2022,/z/lancelcy/R21/mfbs/3824.npy
2023,/z/lancelcy/R21/mfbs/3827.npy
2024,/z/lancelcy/R21/mfbs/3828.npy
2025,/z/lancelcy/R21/mfbs/3829.npy
2026,/z/lancelcy/R21/mfbs/3830.npy
2027,/z/lancelcy/R21/mfbs/3831.npy
2028,/z/lancelcy/R21/mfbs/3832.npy
2029,/z/lancelcy/R21/mfbs/3835.npy
2030,/z/lancelcy/R21/mfbs/3836.npy
2031,/z/lancelcy/R21/mfbs/3837.npy
2032,/z/lancelcy/R21/mfbs/3838.npy
2033,/z/lancelcy/R21/mfbs/3839.npy
2034,/z/lancelcy/R21/mfbs/3840.npy
2035,/z/lancelcy/R21/mfbs/3842.npy
2036,/z/lancelcy/R21/mfbs/3843.npy
2037,/z/lancelcy/R21/mfbs/3844.npy
2038,/z/lancelcy/R21/mfbs/3845.npy
2039,/z/lancelcy/R21/mfbs/3846.npy
2040,/z/lancelcy/R21/mfbs/3847.npy
2041,/z/lancelcy/R21/mfbs/3848.npy
2042,/z/lancelcy/R21/mfbs/3849.npy
2043,/z/lancelcy/R21/mfbs/3851.npy
2044,/z/lancelcy/R21/mfbs/3853.npy
2045,/z/lancelcy/R21/mfbs/3854.npy
2046,/z/lancelcy/R21/mfbs/3855.npy
2047,/z/lancelcy/R21/mfbs/3856.npy
2048,/z/lancelcy/R21/mfbs/3859.npy
2049,/z/lancelcy/R21/mfbs/3860.npy
2050,/z/lancelcy/R21/mfbs/3861.npy
2051,/z/lancelcy/R21/mfbs/3862.npy
2052,/z/lancelcy/R21/mfbs/3863.npy
2053,/z/lancelcy/R21/mfbs/3869.npy
2054,/z/lancelcy/R21/mfbs/3870.npy
2055,/z/lancelcy/R21/mfbs/3872.npy
2056,/z/lancelcy/R21/mfbs/3873.npy
2057,/z/lancelcy/R21/mfbs/3874.npy
2058,/z/lancelcy/R21/mfbs/3875.npy
2059,/z/lancelcy/R21/mfbs/3876.npy
2060,/z/lancelcy/R21/mfbs/3878.npy
2061,/z/lancelcy/R21/mfbs/3879.npy
2062,/z/lancelcy/R21/mfbs/3885.npy
2063,/z/lancelcy/R21/mfbs/3886.npy
2064,/z/lancelcy/R21/mfbs/3887.npy
2065,/z/lancelcy/R21/mfbs/3888.npy
2066,/z/lancelcy/R21/mfbs/3889.npy
2067,/z/lancelcy/R21/mfbs/3890.npy
2068,/z/lancelcy/R21/mfbs/3892.npy
2069,/z/lancelcy/R21/mfbs/3893.npy
2070,/z/lancelcy/R21/mfbs/3894.npy
2071,/z/lancelcy/R21/mfbs/3895.npy
2072,/z/lancelcy/R21/mfbs/3896.npy
2073,/z/lancelcy/R21/mfbs/3897.npy
2074,/z/lancelcy/R21/mfbs/3898.npy
2075,/z/lancelcy/R21/mfbs/3900.npy
2076,/z/lancelcy/R21/mfbs/3901.npy
2077,/z/lancelcy/R21/mfbs/3902.npy
2078,/z/lancelcy/R21/mfbs/3903.npy
2079,/z/lancelcy/R21/mfbs/3904.npy
2080,/z/lancelcy/R21/mfbs/3905.npy
2081,/z/lancelcy/R21/mfbs/3906.npy
2082,/z/lancelcy/R21/mfbs/3907.npy
2083,/z/lancelcy/R21/mfbs/3908.npy
2084,/z/lancelcy/R21/mfbs/3909.npy
2085,/z/lancelcy/R21/mfbs/3910.npy
2086,/z/lancelcy/R21/mfbs/3911.npy
2087,/z/lancelcy/R21/mfbs/3912.npy
2088,/z/lancelcy/R21/mfbs/3913.npy
2089,/z/lancelcy/R21/mfbs/3914.npy
2090,/z/lancelcy/R21/mfbs/3915.npy
2091,/z/lancelcy/R21/mfbs/3916.npy
2092,/z/lancelcy/R21/mfbs/3918.npy
2093,/z/lancelcy/R21/mfbs/3919.npy
2094,/z/lancelcy/R21/mfbs/3920.npy
2095,/z/lancelcy/R21/mfbs/3921.npy
2096,/z/lancelcy/R21/mfbs/3922.npy
2097,/z/lancelcy/R21/mfbs/3923.npy
2098,/z/lancelcy/R21/mfbs/3924.npy
2099,/z/lancelcy/R21/mfbs/3925.npy
2100,/z/lancelcy/R21/mfbs/3929.npy
2101,/z/lancelcy/R21/mfbs/3930.npy
2102,/z/lancelcy/R21/mfbs/3932.npy
2103,/z/lancelcy/R21/mfbs/3933.npy
2104,/z/lancelcy/R21/mfbs/3935.npy
2105,/z/lancelcy/R21/mfbs/3941.npy
2106,/z/lancelcy/R21/mfbs/3944.npy
2107,/z/lancelcy/R21/mfbs/3947.npy
2108,/z/lancelcy/R21/mfbs/3948.npy
2109,/z/lancelcy/R21/mfbs/3949.npy
2110,/z/lancelcy/R21/mfbs/3950.npy
2111,/z/lancelcy/R21/mfbs/3951.npy
2112,/z/lancelcy/R21/mfbs/3952.npy
2113,/z/lancelcy/R21/mfbs/3953.npy
2114,/z/lancelcy/R21/mfbs/3954.npy
2115,/z/lancelcy/R21/mfbs/3956.npy
2116,/z/lancelcy/R21/mfbs/3957.npy
2117,/z/lancelcy/R21/mfbs/3958.npy
2118,/z/lancelcy/R21/mfbs/3959.npy
2119,/z/lancelcy/R21/mfbs/3960.npy
2120,/z/lancelcy/R21/mfbs/3961.npy
2121,/z/lancelcy/R21/mfbs/3962.npy
2122,/z/lancelcy/R21/mfbs/3963.npy
2123,/z/lancelcy/R21/mfbs/3964.npy
2124,/z/lancelcy/R21/mfbs/3965.npy
2125,/z/lancelcy/R21/mfbs/3971.npy
2126,/z/lancelcy/R21/mfbs/3972.npy
2127,/z/lancelcy/R21/mfbs/3974.npy
2128,/z/lancelcy/R21/mfbs/3976.npy
2129,/z/lancelcy/R21/mfbs/3978.npy
2130,/z/lancelcy/R21/mfbs/3979.npy
2131,/z/lancelcy/R21/mfbs/3980.npy
2132,/z/lancelcy/R21/mfbs/3982.npy
2133,/z/lancelcy/R21/mfbs/3985.npy
2134,/z/lancelcy/R21/mfbs/3986.npy
2135,/z/lancelcy/R21/mfbs/3987.npy
2136,/z/lancelcy/R21/mfbs/3991.npy
2137,/z/lancelcy/R21/mfbs/3992.npy
2138,/z/lancelcy/R21/mfbs/3993.npy
2139,/z/lancelcy/R21/mfbs/3994.npy
2140,/z/lancelcy/R21/mfbs/3995.npy
2141,/z/lancelcy/R21/mfbs/3996.npy
2142,/z/lancelcy/R21/mfbs/3999.npy
2143,/z/lancelcy/R21/mfbs/4000.npy
2144,/z/lancelcy/R21/mfbs/4001.npy
2145,/z/lancelcy/R21/mfbs/4011.npy
2146,/z/lancelcy/R21/mfbs/4012.npy
2147,/z/lancelcy/R21/mfbs/4013.npy
2148,/z/lancelcy/R21/mfbs/4014.npy
2149,/z/lancelcy/R21/mfbs/4015.npy
2150,/z/lancelcy/R21/mfbs/4016.npy
2151,/z/lancelcy/R21/mfbs/4017.npy
2152,/z/lancelcy/R21/mfbs/4018.npy
2153,/z/lancelcy/R21/mfbs/4019.npy
2154,/z/lancelcy/R21/mfbs/4020.npy
2155,/z/lancelcy/R21/mfbs/4021.npy
2156,/z/lancelcy/R21/mfbs/4023.npy
2157,/z/lancelcy/R21/mfbs/4024.npy
2158,/z/lancelcy/R21/mfbs/4025.npy
2159,/z/lancelcy/R21/mfbs/4026.npy
2160,/z/lancelcy/R21/mfbs/4028.npy
2161,/z/lancelcy/R21/mfbs/4029.npy
2162,/z/lancelcy/R21/mfbs/4030.npy
2163,/z/lancelcy/R21/mfbs/4031.npy
2164,/z/lancelcy/R21/mfbs/4032.npy
2165,/z/lancelcy/R21/mfbs/4033.npy
2166,/z/lancelcy/R21/mfbs/4034.npy
2167,/z/lancelcy/R21/mfbs/4037.npy
2168,/z/lancelcy/R21/mfbs/4038.npy
2169,/z/lancelcy/R21/mfbs/4039.npy
2170,/z/lancelcy/R21/mfbs/4040.npy
2171,/z/lancelcy/R21/mfbs/4041.npy
2172,/z/lancelcy/R21/mfbs/4042.npy
2173,/z/lancelcy/R21/mfbs/4043.npy
2174,/z/lancelcy/R21/mfbs/4044.npy
2175,/z/lancelcy/R21/mfbs/4045.npy
2176,/z/lancelcy/R21/mfbs/4048.npy
2177,/z/lancelcy/R21/mfbs/4052.npy
2178,/z/lancelcy/R21/mfbs/4053.npy
2179,/z/lancelcy/R21/mfbs/4055.npy
2180,/z/lancelcy/R21/mfbs/4057.npy
2181,/z/lancelcy/R21/mfbs/4058.npy
2182,/z/lancelcy/R21/mfbs/4059.npy
2183,/z/lancelcy/R21/mfbs/4060.npy
2184,/z/lancelcy/R21/mfbs/4061.npy
2185,/z/lancelcy/R21/mfbs/4062.npy
2186,/z/lancelcy/R21/mfbs/4063.npy
2187,/z/lancelcy/R21/mfbs/4065.npy
2188,/z/lancelcy/R21/mfbs/4066.npy
2189,/z/lancelcy/R21/mfbs/4067.npy
2190,/z/lancelcy/R21/mfbs/4068.npy
2191,/z/lancelcy/R21/mfbs/4069.npy
2192,/z/lancelcy/R21/mfbs/4070.npy
2193,/z/lancelcy/R21/mfbs/4073.npy
2194,/z/lancelcy/R21/mfbs/4074.npy
2195,/z/lancelcy/R21/mfbs/4080.npy
2196,/z/lancelcy/R21/mfbs/4081.npy
2197,/z/lancelcy/R21/mfbs/4083.npy
2198,/z/lancelcy/R21/mfbs/4084.npy
2199,/z/lancelcy/R21/mfbs/4085.npy
2200,/z/lancelcy/R21/mfbs/4086.npy
2201,/z/lancelcy/R21/mfbs/4087.npy
2202,/z/lancelcy/R21/mfbs/4088.npy
2203,/z/lancelcy/R21/mfbs/4089.npy
2204,/z/lancelcy/R21/mfbs/4090.npy
2205,/z/lancelcy/R21/mfbs/4091.npy
2206,/z/lancelcy/R21/mfbs/4092.npy
2207,/z/lancelcy/R21/mfbs/4093.npy
2208,/z/lancelcy/R21/mfbs/4094.npy
2209,/z/lancelcy/R21/mfbs/4097.npy
2210,/z/lancelcy/R21/mfbs/4098.npy
2211,/z/lancelcy/R21/mfbs/4099.npy
2212,/z/lancelcy/R21/mfbs/4102.npy
2213,/z/lancelcy/R21/mfbs/4103.npy
2214,/z/lancelcy/R21/mfbs/4104.npy
2215,/z/lancelcy/R21/mfbs/4105.npy
2216,/z/lancelcy/R21/mfbs/4106.npy
2217,/z/lancelcy/R21/mfbs/4108.npy
2218,/z/lancelcy/R21/mfbs/4109.npy
2219,/z/lancelcy/R21/mfbs/4110.npy
2220,/z/lancelcy/R21/mfbs/4111.npy
2221,/z/lancelcy/R21/mfbs/4112.npy
2222,/z/lancelcy/R21/mfbs/4113.npy
2223,/z/lancelcy/R21/mfbs/4114.npy
2224,/z/lancelcy/R21/mfbs/4115.npy
2225,/z/lancelcy/R21/mfbs/4116.npy
2226,/z/lancelcy/R21/mfbs/4117.npy
2227,/z/lancelcy/R21/mfbs/4118.npy
2228,/z/lancelcy/R21/mfbs/4119.npy
2229,/z/lancelcy/R21/mfbs/4120.npy
2230,/z/lancelcy/R21/mfbs/4121.npy
2231,/z/lancelcy/R21/mfbs/4124.npy
2232,/z/lancelcy/R21/mfbs/4125.npy
2233,/z/lancelcy/R21/mfbs/4128.npy
2234,/z/lancelcy/R21/mfbs/4130.npy
2235,/z/lancelcy/R21/mfbs/4131.npy
2236,/z/lancelcy/R21/mfbs/4132.npy
2237,/z/lancelcy/R21/mfbs/4133.npy
2238,/z/lancelcy/R21/mfbs/4135.npy
2239,/z/lancelcy/R21/mfbs/4137.npy
2240,/z/lancelcy/R21/mfbs/4140.npy
2241,/z/lancelcy/R21/mfbs/4141.npy
2242,/z/lancelcy/R21/mfbs/4142.npy
2243,/z/lancelcy/R21/mfbs/4145.npy
2244,/z/lancelcy/R21/mfbs/4148.npy
2245,/z/lancelcy/R21/mfbs/4150.npy
2246,/z/lancelcy/R21/mfbs/4151.npy
2247,/z/lancelcy/R21/mfbs/4154.npy
2248,/z/lancelcy/R21/mfbs/4156.npy
2249,/z/lancelcy/R21/mfbs/4157.npy
2250,/z/lancelcy/R21/mfbs/4158.npy
2251,/z/lancelcy/R21/mfbs/4160.npy
2252,/z/lancelcy/R21/mfbs/4161.npy
2253,/z/lancelcy/R21/mfbs/4162.npy
2254,/z/lancelcy/R21/mfbs/4163.npy
2255,/z/lancelcy/R21/mfbs/4165.npy
2256,/z/lancelcy/R21/mfbs/4168.npy
2257,/z/lancelcy/R21/mfbs/4171.npy
2258,/z/lancelcy/R21/mfbs/4172.npy
2259,/z/lancelcy/R21/mfbs/4174.npy
2260,/z/lancelcy/R21/mfbs/4175.npy
2261,/z/lancelcy/R21/mfbs/4176.npy
2262,/z/lancelcy/R21/mfbs/4179.npy
2263,/z/lancelcy/R21/mfbs/4181.npy
2264,/z/lancelcy/R21/mfbs/4184.npy
2265,/z/lancelcy/R21/mfbs/4185.npy
2266,/z/lancelcy/R21/mfbs/4186.npy
2267,/z/lancelcy/R21/mfbs/4187.npy
2268,/z/lancelcy/R21/mfbs/4188.npy
2269,/z/lancelcy/R21/mfbs/4189.npy
2270,/z/lancelcy/R21/mfbs/4190.npy
2271,/z/lancelcy/R21/mfbs/4193.npy
2272,/z/lancelcy/R21/mfbs/4195.npy
2273,/z/lancelcy/R21/mfbs/4196.npy
2274,/z/lancelcy/R21/mfbs/4199.npy
2275,/z/lancelcy/R21/mfbs/4200.npy
2276,/z/lancelcy/R21/mfbs/4201.npy
2277,/z/lancelcy/R21/mfbs/4202.npy
2278,/z/lancelcy/R21/mfbs/4203.npy
2279,/z/lancelcy/R21/mfbs/4204.npy
2280,/z/lancelcy/R21/mfbs/4205.npy
2281,/z/lancelcy/R21/mfbs/4206.npy
2282,/z/lancelcy/R21/mfbs/4211.npy
2283,/z/lancelcy/R21/mfbs/4212.npy
2284,/z/lancelcy/R21/mfbs/4215.npy
2285,/z/lancelcy/R21/mfbs/4221.npy
2286,/z/lancelcy/R21/mfbs/4223.npy
2287,/z/lancelcy/R21/mfbs/4227.npy
2288,/z/lancelcy/R21/mfbs/4228.npy
2289,/z/lancelcy/R21/mfbs/4229.npy
2290,/z/lancelcy/R21/mfbs/4230.npy
2291,/z/lancelcy/R21/mfbs/4231.npy
2292,/z/lancelcy/R21/mfbs/4236.npy
2293,/z/lancelcy/R21/mfbs/4239.npy
2294,/z/lancelcy/R21/mfbs/4241.npy
2295,/z/lancelcy/R21/mfbs/4243.npy
2296,/z/lancelcy/R21/mfbs/4246.npy
2297,/z/lancelcy/R21/mfbs/4247.npy
2298,/z/lancelcy/R21/mfbs/4248.npy
2299,/z/lancelcy/R21/mfbs/4249.npy
2300,/z/lancelcy/R21/mfbs/4253.npy
2301,/z/lancelcy/R21/mfbs/4254.npy
2302,/z/lancelcy/R21/mfbs/4256.npy
2303,/z/lancelcy/R21/mfbs/4257.npy
2304,/z/lancelcy/R21/mfbs/4258.npy
2305,/z/lancelcy/R21/mfbs/4259.npy
2306,/z/lancelcy/R21/mfbs/4260.npy
2307,/z/lancelcy/R21/mfbs/4261.npy
2308,/z/lancelcy/R21/mfbs/4262.npy
2309,/z/lancelcy/R21/mfbs/4263.npy
2310,/z/lancelcy/R21/mfbs/4264.npy
2311,/z/lancelcy/R21/mfbs/4265.npy
2312,/z/lancelcy/R21/mfbs/4266.npy
2313,/z/lancelcy/R21/mfbs/4267.npy
2314,/z/lancelcy/R21/mfbs/4268.npy
2315,/z/lancelcy/R21/mfbs/4269.npy
2316,/z/lancelcy/R21/mfbs/4270.npy
2317,/z/lancelcy/R21/mfbs/4271.npy
2318,/z/lancelcy/R21/mfbs/4272.npy
2319,/z/lancelcy/R21/mfbs/4273.npy
2320,/z/lancelcy/R21/mfbs/4274.npy
2321,/z/lancelcy/R21/mfbs/4275.npy
2322,/z/lancelcy/R21/mfbs/4276.npy
2323,/z/lancelcy/R21/mfbs/4277.npy
2324,/z/lancelcy/R21/mfbs/4278.npy
2325,/z/lancelcy/R21/mfbs/4279.npy
2326,/z/lancelcy/R21/mfbs/4281.npy
2327,/z/lancelcy/R21/mfbs/4283.npy
2328,/z/lancelcy/R21/mfbs/4286.npy
2329,/z/lancelcy/R21/mfbs/4287.npy
2330,/z/lancelcy/R21/mfbs/4288.npy
2331,/z/lancelcy/R21/mfbs/4289.npy
2332,/z/lancelcy/R21/mfbs/4290.npy
2333,/z/lancelcy/R21/mfbs/4291.npy
2334,/z/lancelcy/R21/mfbs/4292.npy
2335,/z/lancelcy/R21/mfbs/4293.npy
2336,/z/lancelcy/R21/mfbs/4294.npy
2337,/z/lancelcy/R21/mfbs/4303.npy
2338,/z/lancelcy/R21/mfbs/4307.npy
2339,/z/lancelcy/R21/mfbs/4314.npy
2340,/z/lancelcy/R21/mfbs/4315.npy
2341,/z/lancelcy/R21/mfbs/4316.npy
2342,/z/lancelcy/R21/mfbs/4343.npy
2343,/z/lancelcy/R21/mfbs/4344.npy
2344,/z/lancelcy/R21/mfbs/4346.npy
2345,/z/lancelcy/R21/mfbs/4355.npy
2346,/z/lancelcy/R21/mfbs/4356.npy
2347,/z/lancelcy/R21/mfbs/4357.npy
2348,/z/lancelcy/R21/mfbs/4383.npy
2349,/z/lancelcy/R21/mfbs/4394.npy
2350,/z/lancelcy/R21/mfbs/4395.npy
2351,/z/lancelcy/R21/mfbs/4396.npy
2352,/z/lancelcy/R21/mfbs/4397.npy
2353,/z/lancelcy/R21/mfbs/4398.npy
2354,/z/lancelcy/R21/mfbs/4399.npy
2355,/z/lancelcy/R21/mfbs/4400.npy
2356,/z/lancelcy/R21/mfbs/4401.npy
2357,/z/lancelcy/R21/mfbs/4402.npy
2358,/z/lancelcy/R21/mfbs/4403.npy
2359,/z/lancelcy/R21/mfbs/4405.npy
2360,/z/lancelcy/R21/mfbs/4406.npy
2361,/z/lancelcy/R21/mfbs/4407.npy
2362,/z/lancelcy/R21/mfbs/4408.npy
2363,/z/lancelcy/R21/mfbs/4409.npy
2364,/z/lancelcy/R21/mfbs/4410.npy
2365,/z/lancelcy/R21/mfbs/4411.npy
2366,/z/lancelcy/R21/mfbs/4412.npy
2367,/z/lancelcy/R21/mfbs/4413.npy
2368,/z/lancelcy/R21/mfbs/4415.npy
2369,/z/lancelcy/R21/mfbs/4416.npy
2370,/z/lancelcy/R21/mfbs/4417.npy
2371,/z/lancelcy/R21/mfbs/4418.npy
2372,/z/lancelcy/R21/mfbs/4419.npy
2373,/z/lancelcy/R21/mfbs/4420.npy
2374,/z/lancelcy/R21/mfbs/4421.npy
2375,/z/lancelcy/R21/mfbs/4422.npy
2376,/z/lancelcy/R21/mfbs/4423.npy
2377,/z/lancelcy/R21/mfbs/4424.npy
2378,/z/lancelcy/R21/mfbs/4425.npy
2379,/z/lancelcy/R21/mfbs/4426.npy
2380,/z/lancelcy/R21/mfbs/4427.npy
2381,/z/lancelcy/R21/mfbs/4428.npy
2382,/z/lancelcy/R21/mfbs/4429.npy
2383,/z/lancelcy/R21/mfbs/4430.npy
2384,/z/lancelcy/R21/mfbs/4431.npy
2385,/z/lancelcy/R21/mfbs/4432.npy
2386,/z/lancelcy/R21/mfbs/4433.npy
2387,/z/lancelcy/R21/mfbs/4434.npy
2388,/z/lancelcy/R21/mfbs/4435.npy
2389,/z/lancelcy/R21/mfbs/4436.npy
2390,/z/lancelcy/R21/mfbs/4437.npy
2391,/z/lancelcy/R21/mfbs/4438.npy
2392,/z/lancelcy/R21/mfbs/4439.npy
2393,/z/lancelcy/R21/mfbs/4440.npy
2394,/z/lancelcy/R21/mfbs/4441.npy
2395,/z/lancelcy/R21/mfbs/4442.npy
2396,/z/lancelcy/R21/mfbs/4444.npy
2397,/z/lancelcy/R21/mfbs/4445.npy
2398,/z/lancelcy/R21/mfbs/4446.npy
2399,/z/lancelcy/R21/mfbs/4447.npy
2400,/z/lancelcy/R21/mfbs/4451.npy
2401,/z/lancelcy/R21/mfbs/4452.npy
2402,/z/lancelcy/R21/mfbs/4455.npy
2403,/z/lancelcy/R21/mfbs/4459.npy
2404,/z/lancelcy/R21/mfbs/4460.npy
2405,/z/lancelcy/R21/mfbs/4461.npy
2406,/z/lancelcy/R21/mfbs/4462.npy
2407,/z/lancelcy/R21/mfbs/4463.npy
2408,/z/lancelcy/R21/mfbs/4464.npy
2409,/z/lancelcy/R21/mfbs/4465.npy
2410,/z/lancelcy/R21/mfbs/4466.npy
2411,/z/lancelcy/R21/mfbs/4467.npy
2412,/z/lancelcy/R21/mfbs/4471.npy
2413,/z/lancelcy/R21/mfbs/4472.npy
2414,/z/lancelcy/R21/mfbs/4475.npy
2415,/z/lancelcy/R21/mfbs/4476.npy
2416,/z/lancelcy/R21/mfbs/4477.npy
2417,/z/lancelcy/R21/mfbs/4478.npy
2418,/z/lancelcy/R21/mfbs/4480.npy
2419,/z/lancelcy/R21/mfbs/4481.npy
2420,/z/lancelcy/R21/mfbs/4482.npy
2421,/z/lancelcy/R21/mfbs/4483.npy
2422,/z/lancelcy/R21/mfbs/4484.npy
2423,/z/lancelcy/R21/mfbs/4485.npy
2424,/z/lancelcy/R21/mfbs/4486.npy
2425,/z/lancelcy/R21/mfbs/4487.npy
2426,/z/lancelcy/R21/mfbs/4489.npy
2427,/z/lancelcy/R21/mfbs/4491.npy
2428,/z/lancelcy/R21/mfbs/4492.npy
2429,/z/lancelcy/R21/mfbs/4495.npy
2430,/z/lancelcy/R21/mfbs/4496.npy
2431,/z/lancelcy/R21/mfbs/4497.npy
2432,/z/lancelcy/R21/mfbs/4498.npy
2433,/z/lancelcy/R21/mfbs/4499.npy
2434,/z/lancelcy/R21/mfbs/4502.npy
2435,/z/lancelcy/R21/mfbs/4503.npy
2436,/z/lancelcy/R21/mfbs/4504.npy
2437,/z/lancelcy/R21/mfbs/4505.npy
2438,/z/lancelcy/R21/mfbs/4506.npy
2439,/z/lancelcy/R21/mfbs/4507.npy
2440,/z/lancelcy/R21/mfbs/4508.npy
2441,/z/lancelcy/R21/mfbs/4509.npy
2442,/z/lancelcy/R21/mfbs/4510.npy
2443,/z/lancelcy/R21/mfbs/4511.npy
2444,/z/lancelcy/R21/mfbs/4512.npy
2445,/z/lancelcy/R21/mfbs/4513.npy
2446,/z/lancelcy/R21/mfbs/4514.npy
2447,/z/lancelcy/R21/mfbs/4515.npy
2448,/z/lancelcy/R21/mfbs/4516.npy
2449,/z/lancelcy/R21/mfbs/4517.npy
2450,/z/lancelcy/R21/mfbs/4518.npy
2451,/z/lancelcy/R21/mfbs/4519.npy
2452,/z/lancelcy/R21/mfbs/4520.npy
2453,/z/lancelcy/R21/mfbs/4521.npy
2454,/z/lancelcy/R21/mfbs/4522.npy
2455,/z/lancelcy/R21/mfbs/4523.npy
2456,/z/lancelcy/R21/mfbs/4524.npy
2457,/z/lancelcy/R21/mfbs/4525.npy
2458,/z/lancelcy/R21/mfbs/4526.npy
2459,/z/lancelcy/R21/mfbs/4527.npy
2460,/z/lancelcy/R21/mfbs/4528.npy
2461,/z/lancelcy/R21/mfbs/4529.npy
2462,/z/lancelcy/R21/mfbs/4530.npy
2463,/z/lancelcy/R21/mfbs/4531.npy
2464,/z/lancelcy/R21/mfbs/4532.npy
2465,/z/lancelcy/R21/mfbs/4533.npy
2466,/z/lancelcy/R21/mfbs/4534.npy
2467,/z/lancelcy/R21/mfbs/4535.npy
2468,/z/lancelcy/R21/mfbs/4536.npy
2469,/z/lancelcy/R21/mfbs/4539.npy
2470,/z/lancelcy/R21/mfbs/4540.npy
2471,/z/lancelcy/R21/mfbs/4541.npy
2472,/z/lancelcy/R21/mfbs/4542.npy
2473,/z/lancelcy/R21/mfbs/4543.npy
2474,/z/lancelcy/R21/mfbs/4544.npy
2475,/z/lancelcy/R21/mfbs/4545.npy
2476,/z/lancelcy/R21/mfbs/4546.npy
3957,/z/lancelcy/R21/mfbs/7285.npy
3958,/z/lancelcy/R21/mfbs/7286.npy
3959,/z/lancelcy/R21/mfbs/7287.npy
3960,/z/lancelcy/R21/mfbs/7288.npy
3961,/z/lancelcy/R21/mfbs/7289.npy
3962,/z/lancelcy/R21/mfbs/7290.npy
3963,/z/lancelcy/R21/mfbs/7291.npy
3964,/z/lancelcy/R21/mfbs/7292.npy
3965,/z/lancelcy/R21/mfbs/7293.npy
3966,/z/lancelcy/R21/mfbs/7294.npy
3967,/z/lancelcy/R21/mfbs/7295.npy
3968,/z/lancelcy/R21/mfbs/7300.npy
3969,/z/lancelcy/R21/mfbs/7301.npy
3970,/z/lancelcy/R21/mfbs/7302.npy
3971,/z/lancelcy/R21/mfbs/7303.npy
3972,/z/lancelcy/R21/mfbs/7305.npy
3973,/z/lancelcy/R21/mfbs/7306.npy
3974,/z/lancelcy/R21/mfbs/7307.npy
3975,/z/lancelcy/R21/mfbs/7308.npy
3976,/z/lancelcy/R21/mfbs/7309.npy
3977,/z/lancelcy/R21/mfbs/7310.npy
3978,/z/lancelcy/R21/mfbs/7311.npy
3979,/z/lancelcy/R21/mfbs/7312.npy
3980,/z/lancelcy/R21/mfbs/7313.npy
3981,/z/lancelcy/R21/mfbs/7314.npy
3982,/z/lancelcy/R21/mfbs/7315.npy
3983,/z/lancelcy/R21/mfbs/7316.npy
3984,/z/lancelcy/R21/mfbs/7317.npy
3985,/z/lancelcy/R21/mfbs/7320.npy
3986,/z/lancelcy/R21/mfbs/7321.npy
3987,/z/lancelcy/R21/mfbs/7323.npy
3988,/z/lancelcy/R21/mfbs/7324.npy
3989,/z/lancelcy/R21/mfbs/7325.npy
3990,/z/lancelcy/R21/mfbs/7326.npy
3991,/z/lancelcy/R21/mfbs/7332.npy
3992,/z/lancelcy/R21/mfbs/7334.npy
3993,/z/lancelcy/R21/mfbs/7335.npy
3994,/z/lancelcy/R21/mfbs/7336.npy
3995,/z/lancelcy/R21/mfbs/7337.npy
3996,/z/lancelcy/R21/mfbs/7338.npy
3997,/z/lancelcy/R21/mfbs/7339.npy
3998,/z/lancelcy/R21/mfbs/7345.npy
3999,/z/lancelcy/R21/mfbs/7348.npy
4000,/z/lancelcy/R21/mfbs/7349.npy
4001,/z/lancelcy/R21/mfbs/7350.npy
4002,/z/lancelcy/R21/mfbs/7351.npy
4003,/z/lancelcy/R21/mfbs/7353.npy
4004,/z/lancelcy/R21/mfbs/7354.npy
4005,/z/lancelcy/R21/mfbs/7355.npy
4006,/z/lancelcy/R21/mfbs/7356.npy
4007,/z/lancelcy/R21/mfbs/7357.npy
4008,/z/lancelcy/R21/mfbs/7358.npy
4009,/z/lancelcy/R21/mfbs/7359.npy
4010,/z/lancelcy/R21/mfbs/7360.npy
4011,/z/lancelcy/R21/mfbs/7361.npy
4012,/z/lancelcy/R21/mfbs/7362.npy
4013,/z/lancelcy/R21/mfbs/7364.npy
4014,/z/lancelcy/R21/mfbs/7365.npy
4015,/z/lancelcy/R21/mfbs/7366.npy
4016,/z/lancelcy/R21/mfbs/7367.npy
4017,/z/lancelcy/R21/mfbs/7368.npy
4018,/z/lancelcy/R21/mfbs/7369.npy
4019,/z/lancelcy/R21/mfbs/7370.npy
4020,/z/lancelcy/R21/mfbs/7371.npy
4021,/z/lancelcy/R21/mfbs/7372.npy
4022,/z/lancelcy/R21/mfbs/7376.npy
4023,/z/lancelcy/R21/mfbs/7377.npy
4024,/z/lancelcy/R21/mfbs/7378.npy
4025,/z/lancelcy/R21/mfbs/7384.npy
4026,/z/lancelcy/R21/mfbs/7385.npy
4027,/z/lancelcy/R21/mfbs/7386.npy
4028,/z/lancelcy/R21/mfbs/7387.npy
4029,/z/lancelcy/R21/mfbs/7388.npy
4030,/z/lancelcy/R21/mfbs/7390.npy
4031,/z/lancelcy/R21/mfbs/7391.npy
4032,/z/lancelcy/R21/mfbs/7392.npy
4033,/z/lancelcy/R21/mfbs/7393.npy
4034,/z/lancelcy/R21/mfbs/7394.npy
4035,/z/lancelcy/R21/mfbs/7395.npy
